Employee ID,Employee Name,Gender
2100,Derek Wise,M
2101,Jamarcus Vega,M
2102,Zaid Delgado,M
2103,Selena Archer,F
2104,Callie Sloan,F
2105,Juliana Ayala,F
2106,Aydan Roy,F
2107,Kathryn Holland,F
2108,Madisyn Reese,F
2109,Tabitha Morse,F
2110,Dominik Miles,M
2111,Janiah Steele,F
2112,Christina Jacobs,F
2113,Emelia Logan,F
2114,Fletcher Mayer,M
2115,Riley Gamble,F
2116,Rogelio Frye,M
2117,Paityn Valenzuela,F
2118,Areli Cooke,M
2119,Braedon Patrick,M
2120,Clark Bird,M
2121,Ismael Shah,M
2122,Aden Salazar,M
2123,Marisol Porter,F
2124,Violet Valencia,F
2125,Victor Lewis,M
2126,Juliet Vega,F
2127,Olive Ali,F
2128,Mariyah Ballard,F
2129,Holly Hendricks,F
2130,Amber Austin,F
2131,Alanna Ochoa,F
2132,Gunner Bailey,M
2133,Nathalia Stanton,F
2134,Mckenzie Harmon,F
2135,Katelyn Patrick,F
2136,Landyn Small,M
2137,Ella Waters,F
2138,Jennifer Richard,F
2139,Lucas Mayer,M
2140,Jade Graham,F
2141,Ashleigh Chung,F
2142,Ayanna Maldonado,F
2143,Gabriella Li,F
2144,Frida Guerrero,F
2145,Winston Brown,M
2146,Regina Mayo,F
2147,Ethen Gallegos,F
2148,Kassandra Reid,F
2149,Jaelyn Morris,M
2150,Felicity Wolfe,F
2151,Natalya Mcneil,F
2152,Kyla Myers,F
2153,William Holder,M
2154,Alena Arnold,F
2155,Kaley Grant,F
2156,Alisa Davies,F
2157,Johan Montoya,M
2158,Ricardo Hull,M
2159,Alma Dean,F
2160,Gavyn Decker,M
2161,Nayeli Chapman,F
2162,Malakai Singh,M
2163,Cassidy Blackburn,F
2164,Marlee Herrera,F
2165,Cole Esparza,M
2166,Theodore Ashley,M
2167,Cadence Rocha,F
2168,Zackery Sanders,M
2169,Estrella Padilla,F
2170,Dashawn Wilson,M
2171,Claudia Miller,F
2172,Roderick Bond,M
2173,Meghan Roman,F
2174,Brogan Campbell,F
2175,Jonathon Braun,M
2176,Rohan Holmes,M
2177,Sydney Estrada,F
2178,Vivian Raymond,F
2179,Gwendolyn Schwartz,F
2180,Jordyn Alvarado,F
2181,Cierra Owen,F
2182,Amaris Waters,M
2183,Bethany Sims,F
2184,Anya Anderson,F
2185,Darian Kidd,M
2186,Carolina Mcmahon,F
2187,Aiden Oconnell,M
2188,Gavin Mueller,F
2189,Louis David,M
2190,Jaida Moyer,F
2191,Layton Terry,M
2192,Anabella Anderson,F
2193,Elise Glenn,F
2194,Joel Austin,F
2195,Ezequiel Martinez,M
2196,Maryjane Munoz,F
2197,Giancarlo Chavez,M
2198,Jackson Bradley,M
